[{"model": "admin.logentry", "pk": 1, "fields": {"action_time": "2021-01-16T12:37:37.740Z", "user": 1, "content_type": 7, "object_id": "1", "object_repr": "timelessmen.example.com", "action_flag": 2, "change_message": "[{\"changed\": {\"fields\": [\"Domain name\"]}}]"}}, {"model": "admin.logentry", "pk": 2, "fields": {"action_time": "2021-01-16T12:38:02.541Z", "user": 1, "content_type": 7, "object_id": "1", "object_repr": "timelessmen.example.com", "action_flag": 2, "change_message": "[{\"changed\": {\"fields\": [\"Display name\"]}}]"}}, {"model": "admin.logentry", "pk": 3, "fields": {"action_time": "2021-01-16T12:56:35.157Z", "user": 1, "content_type": 8, "object_id": "1", "object_repr": "morphy80@testemail.com", "action_flag": 1, "change_message": "[{\"added\": {}}]"}}, {"model": "admin.logentry", "pk": 4, "fields": {"action_time": "2021-01-19T16:10:09.832Z", "user": 1, "content_type": 14, "object_id": "1", "object_repr": "Bratleboro Yellowstone Leather", "action_flag": 2, "change_message": "[{\"changed\": {\"fields\": [\"Name\", \"Strap\"]}}]"}}, {"model": "admin.logentry", "pk": 5, "fields": {"action_time": "2021-01-21T18:31:52.253Z", "user": 1, "content_type": 14, "object_id": "2", "object_repr": "Loews LQ1.201", "action_flag": 1, "change_message": "[{\"added\": {}}]"}}, {"model": "admin.logentry", "pk": 6, "fields": {"action_time": "2021-01-21T18:32:54.161Z", "user": 1, "content_type": 14, "object_id": "2", "object_repr": "Loews LQ1.201", "action_flag": 2, "change_message": "[{\"changed\": {\"fields\": [\"Image\"]}}]"}}, {"model": "admin.logentry", "pk": 7, "fields": {"action_time": "2021-01-21T18:37:44.236Z", "user": 1, "content_type": 14, "object_id": "2", "object_repr": "Loews LQ1.201", "action_flag": 2, "change_message": "[{\"changed\": {\"fields\": [\"Image\"]}}]"}}, {"model": "admin.logentry", "pk": 8, "fields": {"action_time": "2021-01-21T18:38:01.407Z", "user": 1, "content_type": 14, "object_id": "2", "object_repr": "Loews LQ1.201", "action_flag": 2, "change_message": "[{\"changed\": {\"fields\": [\"Image\"]}}]"}}, {"model": "admin.logentry", "pk": 9, "fields": {"action_time": "2021-01-21T18:40:34.803Z", "user": 1, "content_type": 14, "object_id": "2", "object_repr": "Loews LQ1.201", "action_flag": 2, "change_message": "[{\"changed\": {\"fields\": [\"Image\"]}}]"}}, {"model": "admin.logentry", "pk": 10, "fields": {"action_time": "2021-01-21T18:48:52.608Z", "user": 1, "content_type": 14, "object_id": "1", "object_repr": "Yellowstone Classic", "action_flag": 2, "change_message": "[{\"changed\": {\"fields\": [\"Image url\"]}}]"}}, {"model": "admin.logentry", "pk": 11, "fields": {"action_time": "2021-01-21T18:51:32.121Z", "user": 1, "content_type": 14, "object_id": "2", "object_repr": "Loews LQ1.201", "action_flag": 2, "change_message": "[{\"changed\": {\"fields\": [\"Image url\"]}}]"}}, {"model": "admin.logentry", "pk": 12, "fields": {"action_time": "2021-01-21T19:03:38.428Z", "user": 1, "content_type": 14, "object_id": "2", "object_repr": "Loews LQ1.201", "action_flag": 2, "change_message": "[{\"changed\": {\"fields\": [\"Image\"]}}]"}}, {"model": "admin.logentry", "pk": 13, "fields": {"action_time": "2021-01-21T19:06:37.890Z", "user": 1, "content_type": 14, "object_id": "1", "object_repr": "Yellowstone Classic", "action_flag": 2, "change_message": "[]"}}, {"model": "admin.logentry", "pk": 14, "fields": {"action_time": "2021-01-21T19:12:13.505Z", "user": 1, "content_type": 14, "object_id": "1", "object_repr": "Yellowstone Classic", "action_flag": 2, "change_message": "[{\"changed\": {\"fields\": [\"Image url\", \"Image\"]}}]"}}, {"model": "admin.logentry", "pk": 15, "fields": {"action_time": "2021-01-21T19:12:34.663Z", "user": 1, "content_type": 14, "object_id": "1", "object_repr": "Yellowstone Classic", "action_flag": 2, "change_message": "[{\"changed\": {\"fields\": [\"Image\"]}}]"}}, {"model": "admin.logentry", "pk": 16, "fields": {"action_time": "2021-01-21T19:18:47.239Z", "user": 1, "content_type": 14, "object_id": "1", "object_repr": "Yellowstone Classic", "action_flag": 2, "change_message": "[{\"changed\": {\"fields\": [\"Image\"]}}]"}}, {"model": "admin.logentry", "pk": 17, "fields": {"action_time": "2021-01-21T19:19:23.726Z", "user": 1, "content_type": 14, "object_id": "1", "object_repr": "Yellowstone Classic", "action_flag": 2, "change_message": "[{\"changed\": {\"fields\": [\"Image\"]}}]"}}, {"model": "admin.logentry", "pk": 18, "fields": {"action_time": "2021-01-21T19:20:26.190Z", "user": 1, "content_type": 14, "object_id": "1", "object_repr": "Yellowstone Classic", "action_flag": 2, "change_message": "[{\"changed\": {\"fields\": [\"Image\"]}}]"}}, {"model": "admin.logentry", "pk": 19, "fields": {"action_time": "2021-01-21T19:21:09.970Z", "user": 1, "content_type": 14, "object_id": "2", "object_repr": "Loews LQ1.201", "action_flag": 2, "change_message": "[{\"changed\": {\"fields\": [\"Image url\", \"Image\"]}}]"}}, {"model": "admin.logentry", "pk": 20, "fields": {"action_time": "2021-01-21T19:38:32.195Z", "user": 1, "content_type": 14, "object_id": "3", "object_repr": "PR 100 CHRONOGRAPH", "action_flag": 1, "change_message": "[{\"added\": {}}]"}}, {"model": "admin.logentry", "pk": 21, "fields": {"action_time": "2021-01-21T19:51:02.976Z", "user": 1, "content_type": 14, "object_id": "4", "object_repr": "Smart Watch Function F5", "action_flag": 1, "change_message": "[{\"added\": {}}]"}}, {"model": "admin.logentry", "pk": 22, "fields": {"action_time": "2021-01-22T21:03:11.508Z", "user": 1, "content_type": 13, "object_id": "4", "object_repr": "collection", "action_flag": 2, "change_message": "[{\"changed\": {\"fields\": [\"Name\", \"Friendly name\"]}}]"}}, {"model": "admin.logentry", "pk": 23, "fields": {"action_time": "2021-01-22T21:47:25.067Z", "user": 1, "content_type": 13, "object_id": "8", "object_repr": "Warranty", "action_flag": 1, "change_message": "[{\"added\": {}}]"}}, {"model": "admin.logentry", "pk": 24, "fields": {"action_time": "2021-01-22T21:47:35.900Z", "user": 1, "content_type": 13, "object_id": "8", "object_repr": "Warranty", "action_flag": 3, "change_message": ""}}, {"model": "admin.logentry", "pk": 25, "fields": {"action_time": "2021-01-22T21:47:50.553Z", "user": 1, "content_type": 13, "object_id": "9", "object_repr": "Warranty", "action_flag": 1, "change_message": "[{\"added\": {}}]"}}, {"model": "admin.logentry", "pk": 26, "fields": {"action_time": "2021-01-22T21:48:12.858Z", "user": 1, "content_type": 13, "object_id": "9", "object_repr": "Warranty", "action_flag": 3, "change_message": ""}}, {"model": "admin.logentry", "pk": 27, "fields": {"action_time": "2021-01-22T21:48:27.202Z", "user": 1, "content_type": 13, "object_id": "10", "object_repr": "warranty", "action_flag": 1, "change_message": "[{\"added\": {}}]"}}, {"model": "admin.logentry", "pk": 28, "fields": {"action_time": "2021-01-22T21:49:15.070Z", "user": 1, "content_type": 14, "object_id": "1", "object_repr": "Yellowstone Classic", "action_flag": 2, "change_message": "[{\"changed\": {\"fields\": [\"Has warranty\"]}}]"}}, {"model": "admin.logentry", "pk": 29, "fields": {"action_time": "2021-01-22T21:49:24.122Z", "user": 1, "content_type": 14, "object_id": "2", "object_repr": "Loews LQ1.201", "action_flag": 2, "change_message": "[{\"changed\": {\"fields\": [\"Has warranty\"]}}]"}}, {"model": "admin.logentry", "pk": 30, "fields": {"action_time": "2021-01-22T21:49:31.509Z", "user": 1, "content_type": 14, "object_id": "3", "object_repr": "PR 100 CHRONOGRAPH", "action_flag": 2, "change_message": "[{\"changed\": {\"fields\": [\"Has warranty\"]}}]"}}, {"model": "admin.logentry", "pk": 31, "fields": {"action_time": "2021-01-22T21:49:56.748Z", "user": 1, "content_type": 14, "object_id": "1", "object_repr": "Yellowstone Classic", "action_flag": 2, "change_message": "[{\"changed\": {\"fields\": [\"Has warranty\", \"Rating\"]}}]"}}, {"model": "admin.logentry", "pk": 32, "fields": {"action_time": "2021-01-22T21:50:18.418Z", "user": 1, "content_type": 14, "object_id": "3", "object_repr": "PR 100 CHRONOGRAPH", "action_flag": 2, "change_message": "[]"}}, {"model": "admin.logentry", "pk": 33, "fields": {"action_time": "2021-01-22T21:50:25.509Z", "user": 1, "content_type": 14, "object_id": "4", "object_repr": "Smart Watch Function F5", "action_flag": 2, "change_message": "[{\"changed\": {\"fields\": [\"Has warranty\"]}}]"}}, {"model": "admin.logentry", "pk": 34, "fields": {"action_time": "2021-01-22T21:50:32.393Z", "user": 1, "content_type": 14, "object_id": "4", "object_repr": "Smart Watch Function F5", "action_flag": 2, "change_message": "[{\"changed\": {\"fields\": [\"Has warranty\"]}}]"}}, {"model": "admin.logentry", "pk": 35, "fields": {"action_time": "2021-01-22T22:07:33.595Z", "user": 1, "content_type": 14, "object_id": "2", "object_repr": "Loews LQ1.201", "action_flag": 2, "change_message": "[{\"changed\": {\"fields\": [\"Has warranty\"]}}]"}}, {"model": "admin.logentry", "pk": 36, "fields": {"action_time": "2021-01-22T22:07:39.406Z", "user": 1, "content_type": 14, "object_id": "3", "object_repr": "PR 100 CHRONOGRAPH", "action_flag": 2, "change_message": "[{\"changed\": {\"fields\": [\"Has warranty\"]}}]"}}, {"model": "admin.logentry", "pk": 37, "fields": {"action_time": "2021-01-22T22:07:48.565Z", "user": 1, "content_type": 14, "object_id": "4", "object_repr": "Smart Watch Function F5", "action_flag": 2, "change_message": "[{\"changed\": {\"fields\": [\"Has warranty\"]}}]"}}, {"model": "admin.logentry", "pk": 38, "fields": {"action_time": "2021-01-23T18:30:14.340Z", "user": 1, "content_type": 14, "object_id": "1", "object_repr": "Yellowstone Classic", "action_flag": 2, "change_message": "[{\"changed\": {\"fields\": [\"Image url\", \"Image\"]}}]"}}, {"model": "admin.logentry", "pk": 39, "fields": {"action_time": "2021-01-23T18:36:13.181Z", "user": 1, "content_type": 14, "object_id": "2", "object_repr": "Loews LQ1.201", "action_flag": 2, "change_message": "[{\"changed\": {\"fields\": [\"Image url\", \"Image\"]}}]"}}, {"model": "admin.logentry", "pk": 40, "fields": {"action_time": "2021-01-23T18:36:39.752Z", "user": 1, "content_type": 14, "object_id": "3", "object_repr": "PR 100 CHRONOGRAPH", "action_flag": 2, "change_message": "[{\"changed\": {\"fields\": [\"Image url\", \"Image\"]}}]"}}, {"model": "admin.logentry", "pk": 41, "fields": {"action_time": "2021-01-23T18:39:29.469Z", "user": 1, "content_type": 14, "object_id": "4", "object_repr": "Smart Watch Function F5", "action_flag": 2, "change_message": "[{\"changed\": {\"fields\": [\"Image url\", \"Image\"]}}]"}}, {"model": "admin.logentry", "pk": 42, "fields": {"action_time": "2021-01-23T18:48:14.121Z", "user": 1, "content_type": 14, "object_id": "5", "object_repr": "Submariner Date", "action_flag": 1, "change_message": "[{\"added\": {}}]"}}, {"model": "admin.logentry", "pk": 43, "fields": {"action_time": "2021-01-23T18:54:45.607Z", "user": 1, "content_type": 14, "object_id": "6", "object_repr": "Mechanical Classic", "action_flag": 1, "change_message": "[{\"added\": {}}]"}}, {"model": "admin.logentry", "pk": 44, "fields": {"action_time": "2021-01-23T18:54:56.391Z", "user": 1, "content_type": 14, "object_id": "4", "object_repr": "Smart Watch Function F5", "action_flag": 2, "change_message": "[{\"changed\": {\"fields\": [\"Strap\"]}}]"}}, {"model": "admin.logentry", "pk": 45, "fields": {"action_time": "2021-01-23T18:55:02.815Z", "user": 1, "content_type": 14, "object_id": "6", "object_repr": "Mechanical Classic", "action_flag": 2, "change_message": "[]"}}, {"model": "admin.logentry", "pk": 46, "fields": {"action_time": "2021-01-23T18:55:10.967Z", "user": 1, "content_type": 14, "object_id": "5", "object_repr": "Submariner Date", "action_flag": 2, "change_message": "[{\"changed\": {\"fields\": [\"Strap\"]}}]"}}, {"model": "admin.logentry", "pk": 47, "fields": {"action_time": "2021-01-23T18:55:18.018Z", "user": 1, "content_type": 14, "object_id": "3", "object_repr": "PR 100 CHRONOGRAPH", "action_flag": 2, "change_message": "[{\"changed\": {\"fields\": [\"Strap\"]}}]"}}, {"model": "admin.logentry", "pk": 48, "fields": {"action_time": "2021-01-23T18:55:24.590Z", "user": 1, "content_type": 14, "object_id": "2", "object_repr": "Loews LQ1.201", "action_flag": 2, "change_message": "[{\"changed\": {\"fields\": [\"Strap\"]}}]"}}, {"model": "admin.logentry", "pk": 49, "fields": {"action_time": "2021-01-23T18:55:33.826Z", "user": 1, "content_type": 14, "object_id": "1", "object_repr": "Yellowstone Classic", "action_flag": 2, "change_message": "[{\"changed\": {\"fields\": [\"Strap\"]}}]"}}, {"model": "admin.logentry", "pk": 50, "fields": {"action_time": "2021-01-23T18:56:22.326Z", "user": 1, "content_type": 14, "object_id": "5", "object_repr": "Submariner Date", "action_flag": 2, "change_message": "[{\"changed\": {\"fields\": [\"Image\"]}}]"}}, {"model": "admin.logentry", "pk": 51, "fields": {"action_time": "2021-01-23T18:56:34.872Z", "user": 1, "content_type": 14, "object_id": "6", "object_repr": "Mechanical Classic", "action_flag": 2, "change_message": "[{\"changed\": {\"fields\": [\"Image\"]}}]"}}, {"model": "admin.logentry", "pk": 52, "fields": {"action_time": "2021-01-23T19:04:40.167Z", "user": 1, "content_type": 14, "object_id": "7", "object_repr": "Radiomir Firenze", "action_flag": 1, "change_message": "[{\"added\": {}}]"}}, {"model": "admin.logentry", "pk": 53, "fields": {"action_time": "2021-01-23T19:14:39.357Z", "user": 1, "content_type": 14, "object_id": "8", "object_repr": "Luminor Marina", "action_flag": 1, "change_message": "[{\"added\": {}}]"}}, {"model": "admin.logentry", "pk": 54, "fields": {"action_time": "2021-01-23T19:17:02.619Z", "user": 1, "content_type": 14, "object_id": "7", "object_repr": "Radiomir Firenze", "action_flag": 2, "change_message": "[{\"changed\": {\"fields\": [\"Description\", \"Strap\"]}}]"}}, {"model": "admin.logentry", "pk": 55, "fields": {"action_time": "2021-01-23T19:26:20.921Z", "user": 1, "content_type": 14, "object_id": "9", "object_repr": "Bronson Chronograph Luggage", "action_flag": 1, "change_message": "[{\"added\": {}}]"}}, {"model": "admin.logentry", "pk": 56, "fields": {"action_time": "2021-01-23T20:03:21.102Z", "user": 1, "content_type": 14, "object_id": "10", "object_repr": "Prospex LX Line", "action_flag": 1, "change_message": "[{\"added\": {}}]"}}, {"model": "admin.logentry", "pk": 57, "fields": {"action_time": "2021-01-23T20:04:01.131Z", "user": 1, "content_type": 14, "object_id": "1", "object_repr": "Yellowstone Classic", "action_flag": 2, "change_message": "[{\"changed\": {\"fields\": [\"Price\"]}}]"}}, {"model": "admin.logentry", "pk": 58, "fields": {"action_time": "2021-01-23T20:04:26.994Z", "user": 1, "content_type": 14, "object_id": "1", "object_repr": "Yellowstone Classic", "action_flag": 2, "change_message": "[{\"changed\": {\"fields\": [\"Price\"]}}]"}}, {"model": "admin.logentry", "pk": 59, "fields": {"action_time": "2021-01-23T20:13:13.504Z", "user": 1, "content_type": 14, "object_id": "11", "object_repr": "Machine Three-Hand Date", "action_flag": 1, "change_message": "[{\"added\": {}}]"}}, {"model": "admin.logentry", "pk": 60, "fields": {"action_time": "2021-01-23T20:13:29.012Z", "user": 1, "content_type": 14, "object_id": "5", "object_repr": "Submariner Date", "action_flag": 2, "change_message": "[{\"changed\": {\"fields\": [\"Strap\"]}}]"}}, {"model": "admin.logentry", "pk": 61, "fields": {"action_time": "2021-01-23T20:13:41.308Z", "user": 1, "content_type": 14, "object_id": "10", "object_repr": "Prospex LX Line", "action_flag": 2, "change_message": "[{\"changed\": {\"fields\": [\"Strap\"]}}]"}}, {"model": "admin.logentry", "pk": 62, "fields": {"action_time": "2021-01-23T20:21:02.641Z", "user": 1, "content_type": 14, "object_id": "1", "object_repr": "Yellowstone Classic", "action_flag": 2, "change_message": "[{\"changed\": {\"fields\": [\"Case\"]}}]"}}, {"model": "admin.logentry", "pk": 63, "fields": {"action_time": "2021-01-23T20:21:24.445Z", "user": 1, "content_type": 14, "object_id": "1", "object_repr": "Yellowstone Classic", "action_flag": 2, "change_message": "[{\"changed\": {\"fields\": [\"Case\"]}}]"}}, {"model": "admin.logentry", "pk": 64, "fields": {"action_time": "2021-01-23T20:21:31.768Z", "user": 1, "content_type": 14, "object_id": "2", "object_repr": "Loews LQ1.201", "action_flag": 2, "change_message": "[{\"changed\": {\"fields\": [\"Case\"]}}]"}}, {"model": "admin.logentry", "pk": 65, "fields": {"action_time": "2021-01-23T20:21:39.630Z", "user": 1, "content_type": 14, "object_id": "3", "object_repr": "PR 100 CHRONOGRAPH", "action_flag": 2, "change_message": "[{\"changed\": {\"fields\": [\"Case\"]}}]"}}, {"model": "admin.logentry", "pk": 66, "fields": {"action_time": "2021-01-23T20:22:07.050Z", "user": 1, "content_type": 14, "object_id": "1", "object_repr": "Yellowstone Classic", "action_flag": 2, "change_message": "[{\"changed\": {\"fields\": [\"Case\"]}}]"}}, {"model": "admin.logentry", "pk": 67, "fields": {"action_time": "2021-01-23T20:22:13.382Z", "user": 1, "content_type": 14, "object_id": "2", "object_repr": "Loews LQ1.201", "action_flag": 2, "change_message": "[{\"changed\": {\"fields\": [\"Case\"]}}]"}}, {"model": "admin.logentry", "pk": 68, "fields": {"action_time": "2021-01-23T20:22:21.490Z", "user": 1, "content_type": 14, "object_id": "3", "object_repr": "PR 100 CHRONOGRAPH", "action_flag": 2, "change_message": "[{\"changed\": {\"fields\": [\"Case\"]}}]"}}, {"model": "admin.logentry", "pk": 69, "fields": {"action_time": "2021-01-23T20:22:30.709Z", "user": 1, "content_type": 14, "object_id": "6", "object_repr": "Mechanical Classic", "action_flag": 2, "change_message": "[{\"changed\": {\"fields\": [\"Case\"]}}]"}}, {"model": "admin.logentry", "pk": 70, "fields": {"action_time": "2021-01-23T20:22:50.635Z", "user": 1, "content_type": 14, "object_id": "4", "object_repr": "Smart Watch Function F5", "action_flag": 2, "change_message": "[{\"changed\": {\"fields\": [\"Case\"]}}]"}}, {"model": "admin.logentry", "pk": 71, "fields": {"action_time": "2021-01-23T20:25:08.344Z", "user": 1, "content_type": 14, "object_id": "12", "object_repr": "Apple Series 6", "action_flag": 1, "change_message": "[{\"added\": {}}]"}}, {"model": "admin.logentry", "pk": 72, "fields": {"action_time": "2021-01-23T20:28:16.950Z", "user": 1, "content_type": 14, "object_id": "13", "object_repr": "G-SHOCK MOVE", "action_flag": 1, "change_message": "[{\"added\": {}}]"}}, {"model": "admin.logentry", "pk": 73, "fields": {"action_time": "2021-01-23T20:37:26.344Z", "user": 1, "content_type": 14, "object_id": "14", "object_repr": "SUUNTO 9 BARO", "action_flag": 1, "change_message": "[{\"added\": {}}]"}}, {"model": "admin.logentry", "pk": 74, "fields": {"action_time": "2021-01-23T20:43:12.852Z", "user": 1, "content_type": 14, "object_id": "15", "object_repr": "Emporio Armani Connected", "action_flag": 1, "change_message": "[{\"added\": {}}]"}}, {"model": "admin.logentry", "pk": 75, "fields": {"action_time": "2021-01-23T20:52:04.048Z", "user": 1, "content_type": 14, "object_id": "16", "object_repr": "T-Touch Expert Solar", "action_flag": 1, "change_message": "[{\"added\": {}}]"}}, {"model": "admin.logentry", "pk": 76, "fields": {"action_time": "2021-01-23T20:56:38.109Z", "user": 1, "content_type": 14, "object_id": "3", "object_repr": "PR 100 Chronograph", "action_flag": 2, "change_message": "[{\"changed\": {\"fields\": [\"Name\"]}}]"}}, {"model": "admin.logentry", "pk": 77, "fields": {"action_time": "2021-01-23T20:57:02.833Z", "user": 1, "content_type": 14, "object_id": "13", "object_repr": "G-Shock Move", "action_flag": 2, "change_message": "[{\"changed\": {\"fields\": [\"Name\"]}}]"}}, {"model": "admin.logentry", "pk": 78, "fields": {"action_time": "2021-01-23T20:57:31.696Z", "user": 1, "content_type": 14, "object_id": "14", "object_repr": "Suunto 9 Baro", "action_flag": 2, "change_message": "[{\"changed\": {\"fields\": [\"Name\"]}}]"}}, {"model": "admin.logentry", "pk": 79, "fields": {"action_time": "2021-01-23T21:05:32.337Z", "user": 1, "content_type": 14, "object_id": "17", "object_repr": "Regulus", "action_flag": 1, "change_message": "[{\"added\": {}}]"}}, {"model": "admin.logentry", "pk": 80, "fields": {"action_time": "2021-01-23T21:08:44.184Z", "user": 1, "content_type": 14, "object_id": "5", "object_repr": "Submariner Date", "action_flag": 2, "change_message": "[{\"changed\": {\"fields\": [\"Category\"]}}]"}}, {"model": "admin.logentry", "pk": 81, "fields": {"action_time": "2021-01-23T21:09:03.101Z", "user": 1, "content_type": 14, "object_id": "7", "object_repr": "Radiomir Firenze", "action_flag": 2, "change_message": "[{\"changed\": {\"fields\": [\"Category\"]}}]"}}, {"model": "admin.logentry", "pk": 82, "fields": {"action_time": "2021-01-23T21:09:16.832Z", "user": 1, "content_type": 14, "object_id": "8", "object_repr": "Luminor Marina", "action_flag": 2, "change_message": "[{\"changed\": {\"fields\": [\"Category\"]}}]"}}, {"model": "admin.logentry", "pk": 83, "fields": {"action_time": "2021-01-23T21:09:31.019Z", "user": 1, "content_type": 14, "object_id": "10", "object_repr": "Prospex LX Line", "action_flag": 2, "change_message": "[{\"changed\": {\"fields\": [\"Category\"]}}]"}}, {"model": "admin.logentry", "pk": 84, "fields": {"action_time": "2021-01-23T21:15:36.402Z", "user": 1, "content_type": 14, "object_id": "18", "object_repr": "Prospex SBEP001", "action_flag": 1, "change_message": "[{\"added\": {}}]"}}, {"model": "admin.logentry", "pk": 85, "fields": {"action_time": "2021-01-23T21:26:50.551Z", "user": 1, "content_type": 14, "object_id": "19", "object_repr": "Seamaster Diver", "action_flag": 1, "change_message": "[{\"added\": {}}]"}}, {"model": "admin.logentry", "pk": 86, "fields": {"action_time": "2021-01-23T21:32:08.715Z", "user": 1, "content_type": 14, "object_id": "15", "object_repr": "Connected", "action_flag": 2, "change_message": "[{\"changed\": {\"fields\": [\"Name\"]}}]"}}, {"model": "admin.logentry", "pk": 87, "fields": {"action_time": "2021-01-23T21:40:58.070Z", "user": 1, "content_type": 14, "object_id": "20", "object_repr": "DS-8 Chrono Moon Phase", "action_flag": 1, "change_message": "[{\"added\": {}}]"}}, {"model": "admin.logentry", "pk": 88, "fields": {"action_time": "2021-01-23T21:45:29.667Z", "user": 1, "content_type": 14, "object_id": "21", "object_repr": "Black Leather", "action_flag": 1, "change_message": "[{\"added\": {}}]"}}, {"model": "admin.logentry", "pk": 89, "fields": {"action_time": "2021-01-23T21:49:22.949Z", "user": 1, "content_type": 14, "object_id": "22", "object_repr": "Black Leather", "action_flag": 1, "change_message": "[{\"added\": {}}]"}}, {"model": "admin.logentry", "pk": 90, "fields": {"action_time": "2021-01-23T21:52:07.009Z", "user": 1, "content_type": 14, "object_id": "23", "object_repr": "Saddle Leather", "action_flag": 1, "change_message": "[{\"added\": {}}]"}}, {"model": "admin.logentry", "pk": 91, "fields": {"action_time": "2021-01-23T21:52:49.369Z", "user": 1, "content_type": 14, "object_id": "22", "object_repr": "Black Leather", "action_flag": 2, "change_message": "[{\"changed\": {\"fields\": [\"Image\"]}}]"}}, {"model": "admin.logentry", "pk": 92, "fields": {"action_time": "2021-01-23T21:53:16.334Z", "user": 1, "content_type": 14, "object_id": "22", "object_repr": "Black Leather", "action_flag": 2, "change_message": "[{\"changed\": {\"fields\": [\"Description\"]}}]"}}, {"model": "admin.logentry", "pk": 93, "fields": {"action_time": "2021-01-23T21:53:33.924Z", "user": 1, "content_type": 14, "object_id": "21", "object_repr": "Black Leather", "action_flag": 2, "change_message": "[{\"changed\": {\"fields\": [\"Description\"]}}]"}}, {"model": "admin.logentry", "pk": 94, "fields": {"action_time": "2021-01-23T21:56:08.513Z", "user": 1, "content_type": 14, "object_id": "24", "object_repr": "Quick Release", "action_flag": 1, "change_message": "[{\"added\": {}}]"}}, {"model": "admin.logentry", "pk": 95, "fields": {"action_time": "2021-01-23T22:02:01.762Z", "user": 1, "content_type": 14, "object_id": "25", "object_repr": "Crimson Red Stitching", "action_flag": 1, "change_message": "[{\"added\": {}}]"}}, {"model": "admin.logentry", "pk": 96, "fields": {"action_time": "2021-01-23T22:04:25.164Z", "user": 1, "content_type": 14, "object_id": "26", "object_repr": "Navy Blue", "action_flag": 1, "change_message": "[{\"added\": {}}]"}}, {"model": "admin.logentry", "pk": 97, "fields": {"action_time": "2021-01-23T22:07:07.886Z", "user": 1, "content_type": 14, "object_id": "24", "object_repr": "Racing Horween Leather", "action_flag": 2, "change_message": "[{\"changed\": {\"fields\": [\"Name\", \"Description\"]}}]"}}, {"model": "admin.logentry", "pk": 98, "fields": {"action_time": "2021-01-23T22:07:56.832Z", "user": 1, "content_type": 14, "object_id": "24", "object_repr": "Racing Horween Leather", "action_flag": 2, "change_message": "[{\"changed\": {\"fields\": [\"Price\"]}}]"}}, {"model": "admin.logentry", "pk": 99, "fields": {"action_time": "2021-01-23T22:11:11.528Z", "user": 1, "content_type": 14, "object_id": "27", "object_repr": "Alligator Grain Leather", "action_flag": 1, "change_message": "[{\"added\": {}}]"}}, {"model": "admin.logentry", "pk": 100, "fields": {"action_time": "2021-01-23T22:15:20.501Z", "user": 1, "content_type": 14, "object_id": "28", "object_repr": "Silicone Replacement Strap", "action_flag": 1, "change_message": "[{\"added\": {}}]"}}, {"model": "admin.logentry", "pk": 101, "fields": {"action_time": "2021-01-23T22:20:15.831Z", "user": 1, "content_type": 14, "object_id": "29", "object_repr": "Stainless Steel 316L", "action_flag": 1, "change_message": "[{\"added\": {}}]"}}, {"model": "admin.logentry", "pk": 102, "fields": {"action_time": "2021-01-23T22:23:11.955Z", "user": 1, "content_type": 14, "object_id": "30", "object_repr": "Stainless Steel 320L", "action_flag": 1, "change_message": "[{\"added\": {}}]"}}, {"model": "admin.logentry", "pk": 103, "fields": {"action_time": "2021-01-23T22:23:19.323Z", "user": 1, "content_type": 14, "object_id": "29", "object_repr": "Stainless Steel 316L", "action_flag": 2, "change_message": "[{\"changed\": {\"fields\": [\"Description\"]}}]"}}, {"model": "admin.logentry", "pk": 104, "fields": {"action_time": "2021-01-23T22:40:25.987Z", "user": 1, "content_type": 14, "object_id": "12", "object_repr": "Smart Watch Series 6", "action_flag": 2, "change_message": "[{\"changed\": {\"fields\": [\"Name\"]}}]"}}, {"model": "admin.logentry", "pk": 105, "fields": {"action_time": "2021-01-23T22:41:10.677Z", "user": 1, "content_type": 14, "object_id": "14", "object_repr": "9 Baro", "action_flag": 2, "change_message": "[{\"changed\": {\"fields\": [\"Name\"]}}]"}}, {"model": "admin.logentry", "pk": 106, "fields": {"action_time": "2021-01-24T21:50:39.230Z", "user": 1, "content_type": 15, "object_id": "1", "object_repr": "38C6CE0CD8BC4A4D89A9ADBA86CFE5C8", "action_flag": 3, "change_message": ""}}, {"model": "admin.logentry", "pk": 107, "fields": {"action_time": "2021-01-24T21:53:06.170Z", "user": 1, "content_type": 15, "object_id": "2", "object_repr": "2A14EA238A55451EA46C79EA4C34F671", "action_flag": 3, "change_message": ""}}, {"model": "admin.logentry", "pk": 108, "fields": {"action_time": "2021-01-24T21:54:32.533Z", "user": 1, "content_type": 13, "object_id": "7", "object_repr": "other", "action_flag": 3, "change_message": ""}}, {"model": "admin.logentry", "pk": 109, "fields": {"action_time": "2021-01-24T21:54:57.511Z", "user": 1, "content_type": 13, "object_id": "11", "object_repr": "magazine", "action_flag": 1, "change_message": "[{\"added\": {}}]"}}, {"model": "admin.logentry", "pk": 110, "fields": {"action_time": "2021-01-24T21:59:13.025Z", "user": 1, "content_type": 15, "object_id": "3", "object_repr": "96035C85B81342B5BECC2EB208E90AF9", "action_flag": 2, "change_message": "[{\"changed\": {\"name\": \"order line item\", \"object\": \"SKU pp5001111113 on order 96035C85B81342B5BECC2EB208E90AF9\", \"fields\": [\"Quantity\"]}}]"}}, {"model": "admin.logentry", "pk": 111, "fields": {"action_time": "2021-01-24T22:00:01.535Z", "user": 1, "content_type": 15, "object_id": "3", "object_repr": "96035C85B81342B5BECC2EB208E90AF9", "action_flag": 2, "change_message": "[{\"changed\": {\"name\": \"order line item\", \"object\": \"SKU pp5001111113 on order 96035C85B81342B5BECC2EB208E90AF9\", \"fields\": [\"Quantity\"]}}]"}}, {"model": "admin.logentry", "pk": 112, "fields": {"action_time": "2021-01-24T22:00:26.046Z", "user": 1, "content_type": 15, "object_id": "3", "object_repr": "96035C85B81342B5BECC2EB208E90AF9", "action_flag": 2, "change_message": "[{\"changed\": {\"name\": \"order line item\", \"object\": \"SKU pp5001111113 on order 96035C85B81342B5BECC2EB208E90AF9\", \"fields\": [\"Quantity\"]}}, {\"deleted\": {\"name\": \"order line item\", \"object\": \"SKU pp5001120112 on order 96035C85B81342B5BECC2EB208E90AF9\"}}, {\"deleted\": {\"name\": \"order line item\", \"object\": \"SKU pp5001111119 on order 96035C85B81342B5BECC2EB208E90AF9\"}}]"}}, {"model": "admin.logentry", "pk": 113, "fields": {"action_time": "2021-01-24T22:00:46.666Z", "user": 1, "content_type": 15, "object_id": "3", "object_repr": "96035C85B81342B5BECC2EB208E90AF9", "action_flag": 2, "change_message": "[{\"deleted\": {\"name\": \"order line item\", \"object\": \"SKU pp5001111113 on order 96035C85B81342B5BECC2EB208E90AF9\"}}]"}}, {"model": "admin.logentry", "pk": 114, "fields": {"action_time": "2021-01-24T22:00:58.775Z", "user": 1, "content_type": 15, "object_id": "3", "object_repr": "96035C85B81342B5BECC2EB208E90AF9", "action_flag": 3, "change_message": ""}}, {"model": "admin.logentry", "pk": 115, "fields": {"action_time": "2021-01-25T11:31:24.236Z", "user": 1, "content_type": 15, "object_id": "4", "object_repr": "F85212C9E4844A4BAACF2B0E21766158", "action_flag": 3, "change_message": ""}}, {"model": "admin.logentry", "pk": 116, "fields": {"action_time": "2021-01-25T11:45:06.013Z", "user": 1, "content_type": 15, "object_id": "5", "object_repr": "B6750029910D401EB678AC327BBA71A2", "action_flag": 3, "change_message": ""}}, {"model": "admin.logentry", "pk": 117, "fields": {"action_time": "2021-01-25T21:40:21.214Z", "user": 1, "content_type": 15, "object_id": "7", "object_repr": "E96C985B88A44665AE873E8A95E336E1", "action_flag": 3, "change_message": ""}}, {"model": "admin.logentry", "pk": 118, "fields": {"action_time": "2021-01-25T21:40:21.242Z", "user": 1, "content_type": 15, "object_id": "6", "object_repr": "F2C04195350E42C9A3EB3B7CD33CB9C1", "action_flag": 3, "change_message": ""}}, {"model": "admin.logentry", "pk": 119, "fields": {"action_time": "2021-01-25T23:34:20.921Z", "user": 3, "content_type": 4, "object_id": "2", "object_repr": "morphy", "action_flag": 3, "change_message": ""}}, {"model": "admin.logentry", "pk": 120, "fields": {"action_time": "2021-01-26T23:46:15.888Z", "user": 3, "content_type": 4, "object_id": "1", "object_repr": "morphy80", "action_flag": 2, "change_message": "[{\"changed\": {\"fields\": [\"password\"]}}]"}}, {"model": "auth.permission", "pk": 1, "fields": {"name": "Can add log entry", "content_type": 1, "codename": "add_logentry"}}, {"model": "auth.permission", "pk": 2, "fields": {"name": "Can change log entry", "content_type": 1, "codename": "change_logentry"}}, {"model": "auth.permission", "pk": 3, "fields": {"name": "Can delete log entry", "content_type": 1, "codename": "delete_logentry"}}, {"model": "auth.permission", "pk": 4, "fields": {"name": "Can view log entry", "content_type": 1, "codename": "view_logentry"}}, {"model": "auth.permission", "pk": 5, "fields": {"name": "Can add permission", "content_type": 2, "codename": "add_permission"}}, {"model": "auth.permission", "pk": 6, "fields": {"name": "Can change permission", "content_type": 2, "codename": "change_permission"}}, {"model": "auth.permission", "pk": 7, "fields": {"name": "Can delete permission", "content_type": 2, "codename": "delete_permission"}}, {"model": "auth.permission", "pk": 8, "fields": {"name": "Can view permission", "content_type": 2, "codename": "view_permission"}}, {"model": "auth.permission", "pk": 9, "fields": {"name": "Can add group", "content_type": 3, "codename": "add_group"}}, {"model": "auth.permission", "pk": 10, "fields": {"name": "Can change group", "content_type": 3, "codename": "change_group"}}, {"model": "auth.permission", "pk": 11, "fields": {"name": "Can delete group", "content_type": 3, "codename": "delete_group"}}, {"model": "auth.permission", "pk": 12, "fields": {"name": "Can view group", "content_type": 3, "codename": "view_group"}}, {"model": "auth.permission", "pk": 13, "fields": {"name": "Can add user", "content_type": 4, "codename": "add_user"}}, {"model": "auth.permission", "pk": 14, "fields": {"name": "Can change user", "content_type": 4, "codename": "change_user"}}, {"model": "auth.permission", "pk": 15, "fields": {"name": "Can delete user", "content_type": 4, "codename": "delete_user"}}, {"model": "auth.permission", "pk": 16, "fields": {"name": "Can view user", "content_type": 4, "codename": "view_user"}}, {"model": "auth.permission", "pk": 17, "fields": {"name": "Can add content type", "content_type": 5, "codename": "add_contenttype"}}, {"model": "auth.permission", "pk": 18, "fields": {"name": "Can change content type", "content_type": 5, "codename": "change_contenttype"}}, {"model": "auth.permission", "pk": 19, "fields": {"name": "Can delete content type", "content_type": 5, "codename": "delete_contenttype"}}, {"model": "auth.permission", "pk": 20, "fields": {"name": "Can view content type", "content_type": 5, "codename": "view_contenttype"}}, {"model": "auth.permission", "pk": 21, "fields": {"name": "Can add session", "content_type": 6, "codename": "add_session"}}, {"model": "auth.permission", "pk": 22, "fields": {"name": "Can change session", "content_type": 6, "codename": "change_session"}}, {"model": "auth.permission", "pk": 23, "fields": {"name": "Can delete session", "content_type": 6, "codename": "delete_session"}}, {"model": "auth.permission", "pk": 24, "fields": {"name": "Can view session", "content_type": 6, "codename": "view_session"}}, {"model": "auth.permission", "pk": 25, "fields": {"name": "Can add site", "content_type": 7, "codename": "add_site"}}, {"model": "auth.permission", "pk": 26, "fields": {"name": "Can change site", "content_type": 7, "codename": "change_site"}}, {"model": "auth.permission", "pk": 27, "fields": {"name": "Can delete site", "content_type": 7, "codename": "delete_site"}}, {"model": "auth.permission", "pk": 28, "fields": {"name": "Can view site", "content_type": 7, "codename": "view_site"}}, {"model": "auth.permission", "pk": 29, "fields": {"name": "Can add email address", "content_type": 8, "codename": "add_emailaddress"}}, {"model": "auth.permission", "pk": 30, "fields": {"name": "Can change email address", "content_type": 8, "codename": "change_emailaddress"}}, {"model": "auth.permission", "pk": 31, "fields": {"name": "Can delete email address", "content_type": 8, "codename": "delete_emailaddress"}}, {"model": "auth.permission", "pk": 32, "fields": {"name": "Can view email address", "content_type": 8, "codename": "view_emailaddress"}}, {"model": "auth.permission", "pk": 33, "fields": {"name": "Can add email confirmation", "content_type": 9, "codename": "add_emailconfirmation"}}, {"model": "auth.permission", "pk": 34, "fields": {"name": "Can change email confirmation", "content_type": 9, "codename": "change_emailconfirmation"}}, {"model": "auth.permission", "pk": 35, "fields": {"name": "Can delete email confirmation", "content_type": 9, "codename": "delete_emailconfirmation"}}, {"model": "auth.permission", "pk": 36, "fields": {"name": "Can view email confirmation", "content_type": 9, "codename": "view_emailconfirmation"}}, {"model": "auth.permission", "pk": 37, "fields": {"name": "Can add social account", "content_type": 10, "codename": "add_socialaccount"}}, {"model": "auth.permission", "pk": 38, "fields": {"name": "Can change social account", "content_type": 10, "codename": "change_socialaccount"}}, {"model": "auth.permission", "pk": 39, "fields": {"name": "Can delete social account", "content_type": 10, "codename": "delete_socialaccount"}}, {"model": "auth.permission", "pk": 40, "fields": {"name": "Can view social account", "content_type": 10, "codename": "view_socialaccount"}}, {"model": "auth.permission", "pk": 41, "fields": {"name": "Can add social application", "content_type": 11, "codename": "add_socialapp"}}, {"model": "auth.permission", "pk": 42, "fields": {"name": "Can change social application", "content_type": 11, "codename": "change_socialapp"}}, {"model": "auth.permission", "pk": 43, "fields": {"name": "Can delete social application", "content_type": 11, "codename": "delete_socialapp"}}, {"model": "auth.permission", "pk": 44, "fields": {"name": "Can view social application", "content_type": 11, "codename": "view_socialapp"}}, {"model": "auth.permission", "pk": 45, "fields": {"name": "Can add social application token", "content_type": 12, "codename": "add_socialtoken"}}, {"model": "auth.permission", "pk": 46, "fields": {"name": "Can change social application token", "content_type": 12, "codename": "change_socialtoken"}}, {"model": "auth.permission", "pk": 47, "fields": {"name": "Can delete social application token", "content_type": 12, "codename": "delete_socialtoken"}}, {"model": "auth.permission", "pk": 48, "fields": {"name": "Can view social application token", "content_type": 12, "codename": "view_socialtoken"}}, {"model": "auth.permission", "pk": 49, "fields": {"name": "Can add category", "content_type": 13, "codename": "add_category"}}, {"model": "auth.permission", "pk": 50, "fields": {"name": "Can change category", "content_type": 13, "codename": "change_category"}}, {"model": "auth.permission", "pk": 51, "fields": {"name": "Can delete category", "content_type": 13, "codename": "delete_category"}}, {"model": "auth.permission", "pk": 52, "fields": {"name": "Can view category", "content_type": 13, "codename": "view_category"}}, {"model": "auth.permission", "pk": 53, "fields": {"name": "Can add product", "content_type": 14, "codename": "add_product"}}, {"model": "auth.permission", "pk": 54, "fields": {"name": "Can change product", "content_type": 14, "codename": "change_product"}}, {"model": "auth.permission", "pk": 55, "fields": {"name": "Can delete product", "content_type": 14, "codename": "delete_product"}}, {"model": "auth.permission", "pk": 56, "fields": {"name": "Can view product", "content_type": 14, "codename": "view_product"}}, {"model": "auth.permission", "pk": 57, "fields": {"name": "Can add order", "content_type": 15, "codename": "add_order"}}, {"model": "auth.permission", "pk": 58, "fields": {"name": "Can change order", "content_type": 15, "codename": "change_order"}}, {"model": "auth.permission", "pk": 59, "fields": {"name": "Can delete order", "content_type": 15, "codename": "delete_order"}}, {"model": "auth.permission", "pk": 60, "fields": {"name": "Can view order", "content_type": 15, "codename": "view_order"}}, {"model": "auth.permission", "pk": 61, "fields": {"name": "Can add order line item", "content_type": 16, "codename": "add_orderlineitem"}}, {"model": "auth.permission", "pk": 62, "fields": {"name": "Can change order line item", "content_type": 16, "codename": "change_orderlineitem"}}, {"model": "auth.permission", "pk": 63, "fields": {"name": "Can delete order line item", "content_type": 16, "codename": "delete_orderlineitem"}}, {"model": "auth.permission", "pk": 64, "fields": {"name": "Can view order line item", "content_type": 16, "codename": "view_orderlineitem"}}, {"model": "auth.permission", "pk": 65, "fields": {"name": "Can add user profile", "content_type": 17, "codename": "add_userprofile"}}, {"model": "auth.permission", "pk": 66, "fields": {"name": "Can change user profile", "content_type": 17, "codename": "change_userprofile"}}, {"model": "auth.permission", "pk": 67, "fields": {"name": "Can delete user profile", "content_type": 17, "codename": "delete_userprofile"}}, {"model": "auth.permission", "pk": 68, "fields": {"name": "Can view user profile", "content_type": 17, "codename": "view_userprofile"}}, {"model": "auth.user", "pk": 1, "fields": {"password": "pbkdf2_sha256$216000$VSzfd2mCpDpv$Lwjk6FxrFNjfUo5BiY3nb9OwSMUmvHsM2jRjU8X4LEQ=", "last_login": "2021-01-27T01:13:53.053Z", "is_superuser": true, "username": "morphy80", "first_name": "", "last_name": "", "email": "morphy80@testemail.com", "is_staff": true, "is_active": true, "date_joined": "2021-01-16T12:10:44.062Z", "groups": [], "user_permissions": []}}, {"model": "auth.user", "pk": 3, "fields": {"password": "pbkdf2_sha256$216000$iKsbDEMvPyfu$2B18hP7UeLWwMfWy1pIrFpb3Is/l9QgI9+l5C/zY/eo=", "last_login": "2021-01-27T11:46:13.467Z", "is_superuser": true, "username": "alex", "first_name": "", "last_name": "", "email": "alexapo379@gmail.com", "is_staff": true, "is_active": true, "date_joined": "2021-01-25T23:32:31.667Z", "groups": [], "user_permissions": []}}, {"model": "contenttypes.contenttype", "pk": 1, "fields": {"app_label": "admin", "model": "logentry"}}, {"model": "contenttypes.contenttype", "pk": 2, "fields": {"app_label": "auth", "model": "permission"}}, {"model": "contenttypes.contenttype", "pk": 3, "fields": {"app_label": "auth", "model": "group"}}, {"model": "contenttypes.contenttype", "pk": 4, "fields": {"app_label": "auth", "model": "user"}}, {"model": "contenttypes.contenttype", "pk": 5, "fields": {"app_label": "contenttypes", "model": "contenttype"}}, {"model": "contenttypes.contenttype", "pk": 6, "fields": {"app_label": "sessions", "model": "session"}}, {"model": "contenttypes.contenttype", "pk": 7, "fields": {"app_label": "sites", "model": "site"}}, {"model": "contenttypes.contenttype", "pk": 8, "fields": {"app_label": "account", "model": "emailaddress"}}, {"model": "contenttypes.contenttype", "pk": 9, "fields": {"app_label": "account", "model": "emailconfirmation"}}, {"model": "contenttypes.contenttype", "pk": 10, "fields": {"app_label": "socialaccount", "model": "socialaccount"}}, {"model": "contenttypes.contenttype", "pk": 11, "fields": {"app_label": "socialaccount", "model": "socialapp"}}, {"model": "contenttypes.contenttype", "pk": 12, "fields": {"app_label": "socialaccount", "model": "socialtoken"}}, {"model": "contenttypes.contenttype", "pk": 13, "fields": {"app_label": "products", "model": "category"}}, {"model": "contenttypes.contenttype", "pk": 14, "fields": {"app_label": "products", "model": "product"}}, {"model": "contenttypes.contenttype", "pk": 15, "fields": {"app_label": "checkout", "model": "order"}}, {"model": "contenttypes.contenttype", "pk": 16, "fields": {"app_label": "checkout", "model": "orderlineitem"}}, {"model": "contenttypes.contenttype", "pk": 17, "fields": {"app_label": "profiles", "model": "userprofile"}}, {"model": "sessions.session", "pk": "1kbohsutd67j8xhbzpt2ykrpfc4kpwnp", "fields": {"session_data": "eyJhY2NvdW50X3ZlcmlmaWVkX2VtYWlsIjpudWxsLCJhY2NvdW50X3VzZXIiOiIyIn0:1l4BM8:X1j1LWesa5CF2Mfk61sEiUoG52RvAQFrs4xRI9-FuGM", "expire_date": "2021-02-08T23:33:12.788Z"}}, {"model": "sessions.session", "pk": "64o5dby40w83x5w0duj7x13gkl3g2vpy", "fields": {"session_data": ".eJxVjEEOgjAQRe8ya0IKSAtduvcMzbQzSNW0pgWjIdxdSNiw_e-9v4DJnLOPwfD37dMPtCjA4DyNZs6cjCfQ0MBps-ieHHZADwz3WLoYpuRtuSvlQXN5i8Sv6-GeDkbM41aLgajphRtURx2StDXVg0UpVK9c5dhaVjUKSdaxFK26tNw1yEqioL3aTjN-2PgwRNBTmrkAh2kCvUAFulrXP_dvSqs:1l4Szo:cvlfzT_XjxCs9f7H6CZdmlgkMLvydXwjiN4eLEGf27k", "expire_date": "2021-02-09T18:23:20.895Z"}}, {"model": "sessions.session", "pk": "8p83gg3sh128nrblprsw4o1de6z1g2jb", "fields": {"session_data": "e30:1l4BD8:KxTmUF6aKqfJIRhJrL7hBoSrk0m0dn9tBG4koSX9204", "expire_date": "2021-02-08T23:23:54.927Z"}}, {"model": "sessions.session", "pk": "c3wna9k4l05a0gj2ohbvsbml2ubfnny4", "fields": {"session_data": ".eJxVjEEOwiAQRe_C2hDoDG3t0r1nIAMMFjVgSptojHfXmi50-9_77yksLfNol8qTTUEMQovd7-bIXzivIJwpn4r0Jc9TcnJV5EarPJbA18Pm_gVGquPnDapFRdRp2gN2HnSvW3RotAOl2TmExgTDPhI7AIMdKyZjIse2wdh_o5VrTSVbvt_S9BCDer0BZk0-9Q:1l4ZP7:olG8ONZPyFjDOBzgpJd1g1as1E238OWPiVj96WvhcuE", "expire_date": "2021-02-10T01:13:53.205Z"}}, {"model": "sessions.session", "pk": "iyktjkane8oc07c2mle35fl1civl7ujy", "fields": {"session_data": "e30:1l4Meu:fkKLzuM4x2xVNSDob2muh1WjtYYONIr_PJTDAwqDm04", "expire_date": "2021-02-09T11:37:20.944Z"}}, {"model": "sessions.session", "pk": "o58th6p6zu2c95pn5y3rn610r91ascu1", "fields": {"session_data": "e30:1l4BEj:8oPa2csry5uTsXF6KvCmumVGdpgEZavrzGd6NeM8tjs", "expire_date": "2021-02-08T23:25:33.089Z"}}, {"model": "sessions.session", "pk": "s1o3wmtnpk26jq5yyjpzdyc41p2ab68a", "fields": {"session_data": ".eJxVjEEOwiAQRe_C2pARLFCX7j0DmWEGqRqalHZlvLuSdKHb_977LxVxW0vcmixxYnVWVh1-N8L0kNoB37HeZp3mui4T6a7onTZ9nVmel939OyjYyreGzGxHSNkHDsiODJtM6MCPPh2TEIk3CI4piYPBnwYJFsU7BO6Ven8AFc85Hg:1l4jH3:5P0cVhFgBSX-kGeFTGlY362LSNko-klGM8Dm_Qs36Ck", "expire_date": "2021-02-10T11:46:13.515Z"}}, {"model": "sessions.session", "pk": "wyoyf48fx58yriob1pysy5usxrf96fpm", "fields": {"session_data": "e30:1l4BC0:V7RKSy9pOijXlhP2Bz9532bnmB0IJagWn282g38-MqQ", "expire_date": "2021-02-08T23:22:44.826Z"}}, {"model": "sites.site", "pk": 1, "fields": {"domain": "timelessmen.example.com", "name": "Timeless Men"}}, {"model": "account.emailaddress", "pk": 1, "fields": {"user": 1, "email": "morphy80@testemail.com", "verified": true, "primary": true}}, {"model": "account.emailaddress", "pk": 3, "fields": {"user": 3, "email": "alexapo379@gmail.com", "verified": true, "primary": true}}, {"model": "products.category", "pk": 1, "fields": {"name": "analog", "friendly_name": "Analog"}}, {"model": "products.category", "pk": 2, "fields": {"name": "digital", "friendly_name": "Digital"}}, {"model": "products.category", "pk": 3, "fields": {"name": "straps", "friendly_name": "Straps"}}, {"model": "products.category", "pk": 4, "fields": {"name": "collection", "friendly_name": "Collection"}}, {"model": "products.category", "pk": 5, "fields": {"name": "brand", "friendly_name": "Brand"}}, {"model": "products.category", "pk": 6, "fields": {"name": "sale", "friendly_name": "Sale"}}, {"model": "products.category", "pk": 10, "fields": {"name": "warranty", "friendly_name": "Warranty"}}, {"model": "products.category", "pk": 11, "fields": {"name": "magazine", "friendly_name": "Magazine"}}, {"model": "products.product", "pk": 1, "fields": {"category": 1, "sku": "pp5001110111", "name": "Yellowstone Classic", "description": "Your best bet for style and elegance. The variety of colors and finishes combined with the organic texture of the high-quality leather strap make Yellowstone Leather a masculine collection which oozes personality.", "price": "199.00", "case": "44mm Ø", "strap": "Leather", "brand": "Bratelboro", "has_warranty": false, "rating": "3.95", "image_url": "https://res.cloudinary.com/ddrsbzhmf/image/upload/v1611426563/timeless/analog_srn7iv.jpg", "image": "analog.jpg"}}, {"model": "products.product", "pk": 2, "fields": {"category": 1, "sku": "pp5001110112", "name": "Loews LQ1.201", "description": "The Loews Chronograph watch by Nezumi is inspired by several 1960s chronographs and has a vintage vibe with classic color schemes. It’s powered by a mechanical-quartz movement made by Seiko and features two sub-dials – 24-hour and 60-minute counter – and a double-domed genuine sapphire crystal with anti-reflective coating on the inside.", "price": "374.95", "case": "40mm Ø", "strap": "Leather", "brand": "Nezumi", "has_warranty": false, "rating": "4.90", "image_url": "https://res.cloudinary.com/ddrsbzhmf/image/upload/v1611426943/timeless/analog10_tq7ruz.jpg", "image": "analog10.jpg"}}, {"model": "products.product", "pk": 3, "fields": {"category": 1, "sku": "pp5001110113", "name": "PR 100 Chronograph", "description": "True to its name, the Tissot PR 100 is Precise and Robust and a hugely popular family within the Tissot range. These new pieces have been launched to give a more modern look in keeping with the time yet still combining traditional watch design using quality materials and the Swiss reliability of the movement.", "price": "389.99", "case": "41mm Ø", "strap": "Leather", "brand": "Tissot", "has_warranty": false, "rating": "4.75", "image_url": "https://res.cloudinary.com/ddrsbzhmf/image/upload/v1611426567/timeless/analog3_w40iro.jpg", "image": "analog3.jpg"}}, {"model": "products.product", "pk": 4, "fields": {"category": 2, "sku": "pp5001120110", "name": "Smart Watch Function F5", "description": "The F5 model of the Kuura Function smartwatches series is a smart watch equipped with a stylish design and a silicone wristband. The smartwatch can monitors and observes your body's activity such as sleep, movement and health. The device is equipped with a large 1.3 ”IPS Multi-touch color display and a powerful 200mAh battery. You can connect the watch directly to your smartphone, so you can conveniently receive notifications on your smartwatch. In addition, the smartwatch transfers collected data to the smartwatch's own application, where you can easily access the collected data.", "price": "149.99", "case": "42mm Ø", "strap": "Silicone", "brand": "Kuura", "has_warranty": false, "rating": "3.75", "image_url": "https://res.cloudinary.com/ddrsbzhmf/image/upload/v1611427037/timeless/digital1_f6mqkk.jpg", "image": "digital1.jpg"}}, {"model": "products.product", "pk": 5, "fields": {"category": 4, "sku": "pp5001110114", "name": "Submariner Date", "description": "It features a unidirectional rotatable bezel with Cerachrom insert and solid-link Oyster bracelet. The latest generation Submariner and Submariner Date remain faithful to the original model launched in 1953. In watchmaking, the Submariner represented a historic turning point; it set the standard for divers’ watches.", "price": "8500.00", "case": "41mm Ø", "strap": "Stainless Steel", "brand": "Rolex", "has_warranty": false, "rating": "4.50", "image_url": "https://res.cloudinary.com/ddrsbzhmf/image/upload/v1611426565/timeless/analog1_oz02pv.jpg", "image": "analog1.jpg"}}, {"model": "products.product", "pk": 6, "fields": {"category": 1, "sku": "pp5001110115", "name": "Mechanical Classic", "description": "The watch’s rounded boxed glass elegantly frames the curved antique silver bombe dial, set in a beautiful stainless steel silver case. An attractive see-through case back enhances the refined aesthetic.", "price": "450.00", "case": "40.5mm Ø", "strap": "Leather", "brand": "Orient", "has_warranty": false, "rating": "4.20", "image_url": "https://res.cloudinary.com/ddrsbzhmf/image/upload/v1611426566/timeless/analog2_vtltby.jpg", "image": "analog2.jpg"}}, {"model": "products.product", "pk": 7, "fields": {"category": 4, "sku": "pp5001110116", "name": "Radiomir Firenze", "description": "The Radiomir is the first watch designed by Officine Panerai as a prototype in 1936 at the request of the Royal Italian Navy, which wanted to be supplied with “a special luminous watch for divers”.\r\nDiameter 45 mm, AISI 316L Polished Steel with removable wire loop strap attachments (patented).", "price": "5500.00", "case": "45mm Ø", "strap": "Leather", "brand": "Panerai", "has_warranty": false, "rating": "4.60", "image_url": "https://res.cloudinary.com/ddrsbzhmf/image/upload/v1611426563/timeless/analog6_ms2jtw.jpg", "image": "analog6.jpg"}}, {"model": "products.product", "pk": 8, "fields": {"category": 4, "sku": "pp5001110117", "name": "Luminor Marina", "description": "Automatic mechanical, P.9010 calibre, executed entirely by Panerai, 13¾ lignes, 6.0 mm thick, 31 jewels, Glucydur® balance, 28,800 alternations/hour. Incabloc® anti-shock device. Power reserve 3 days, two barrels. 200 components", "price": "7500.00", "case": "42mm Ø", "strap": "Leather", "brand": "Panerai", "has_warranty": false, "rating": "4.80", "image_url": "https://res.cloudinary.com/ddrsbzhmf/image/upload/v1611426566/timeless/analog4_enx4sq.jpg", "image": "analog4.jpg"}}, {"model": "products.product", "pk": 9, "fields": {"category": 1, "sku": "pp5001110118", "name": "Bronson Chronograph Luggage", "description": "A casual robust watch for the daily routine.\r\nStrap Width: 24MM\r\nBattery Type: SR920SW", "price": "169.00", "case": "50mm Ø", "strap": "Leather", "brand": "Fossil", "has_warranty": false, "rating": "3.90", "image_url": "https://res.cloudinary.com/ddrsbzhmf/image/upload/v1611426562/timeless/analog5_wzx6rh.jpg", "image": "analog5.jpg"}}, {"model": "products.product", "pk": 10, "fields": {"category": 4, "sku": "pp5001110119", "name": "Prospex LX Line", "description": "The Seiko Prospex LX line. The true spirit of Seiko.\r\nProspex LX. At the pinnacle of sport, on land, at sea and in the sky.", "price": "5500.00", "case": "45mm Ø", "strap": "Stainless Steel", "brand": "Seiko", "has_warranty": false, "rating": "4.50", "image_url": "https://res.cloudinary.com/ddrsbzhmf/image/upload/v1611426563/timeless/analog8_isz7ca.jpg", "image": "analog8.jpg"}}, {"model": "products.product", "pk": 11, "fields": {"category": 1, "sku": "pp5001110120", "name": "Machine Three-Hand Date", "description": "Simple by fashion but always reliable.\r\nCase Material: Stainless Steel\r\nWater Resistance: 5 ATM - Battery Type: SR621SW", "price": "130.00", "case": "42mm Ø", "strap": "Stainless Steel", "brand": "Fossil", "has_warranty": false, "rating": "3.80", "image_url": "https://res.cloudinary.com/ddrsbzhmf/image/upload/v1611426563/timeless/analog9_aeduwi.jpg", "image": "analog9.jpg"}}, {"model": "products.product", "pk": 12, "fields": {"category": 2, "sku": "pp5001120111", "name": "Smart Watch Series 6", "description": "Silver Stainless Steel Case with Milanese Loop - The stainless steel case is durable and polished to a shiny, mirror-like finish. The Milanese Loop is made from a smooth stainless steel mesh that’s fully magnetic, so it’s infinitely adjustable for a perfect fit.", "price": "750.00", "case": "44mm Ø", "strap": "Stainless Steel", "brand": "Apple", "has_warranty": false, "rating": "4.50", "image_url": "https://res.cloudinary.com/ddrsbzhmf/image/upload/v1611427037/timeless/digital_sfuzeu.jpg", "image": "digital.jpg"}}, {"model": "products.product", "pk": 13, "fields": {"category": 2, "sku": "pp5001120112", "name": "G-Shock Move", "description": "Useful workout functions include an optical sensor for heart rate measurement, along with bearing, altitude/barometric pressure, and temperature sensors, and an accelerometer for step counting.", "price": "399.00", "case": "55mm Ø", "strap": "Silicone", "brand": "Casio", "has_warranty": false, "rating": "4.30", "image_url": "https://res.cloudinary.com/ddrsbzhmf/image/upload/v1611427039/timeless/digital6_baethz.jpg", "image": "digital6.jpg"}}, {"model": "products.product", "pk": 14, "fields": {"category": 2, "sku": "pp5001120113", "name": "9 Baro", "description": "Titanium Leather. Ultra-endurance GPS watch with exceptional battery life and barometer, with 2 straps. case dim.", "price": "765.00", "case": "51mm Ø", "strap": "Leather", "brand": "Suunto", "has_warranty": false, "rating": "4.60", "image_url": "https://res.cloudinary.com/ddrsbzhmf/image/upload/v1611434227/timeless/rsz_suunto-9-baro_wgljkd.jpg", "image": "rsz_suunto-9-baro.jpg"}}, {"model": "products.product", "pk": 15, "fields": {"category": 2, "sku": "pp5001120114", "name": "Connected", "description": "Smartwatches powered with Wear OS by Google are compatible with iPhone® and Android™ phones. Wear OS by Google and other related marks are trademarks of Google LLC. Touchscreen smartwatches powered with Wear OS by Google require a phone running Android OS 4.4+ (excluding Go edition) or iOS 10.0+. Supported features may vary between platforms.", "price": "375.00", "case": "44.5mm Ø", "strap": "Stainless Steel", "brand": "Emporio Armani", "has_warranty": false, "rating": "4.00", "image_url": "https://res.cloudinary.com/ddrsbzhmf/image/upload/v1611434567/timeless/rsz_digi-armani_eccgv3.jpg", "image": "rsz_digi-armani.jpg"}}, {"model": "products.product", "pk": 16, "fields": {"category": 2, "sku": "pp5001120115", "name": "T-Touch Expert Solar", "description": "Tissot rounds out our guide with the T-Touch Expert Solar — a premium, high-end model that illustrates the company’s endless pursuit for style and poise.", "price": "1045.00", "case": "45mm Ø", "strap": "Leather", "brand": "Tissot", "has_warranty": false, "rating": "4.50", "image_url": "https://res.cloudinary.com/ddrsbzhmf/image/upload/v1611435008/timeless/rsz_digi-tissot_d2yqeo.jpg", "image": "rsz_digi-tissot.jpg"}}, {"model": "products.product", "pk": 17, "fields": {"category": 2, "sku": "pp5001120116", "name": "Regulus", "description": "Manufactured to withstand the most extreme conditions and with a simple design, the Regulus is always ready for action.", "price": "235.00", "case": "46mm Ø", "strap": "Silicone", "brand": "Nixon", "has_warranty": false, "rating": "4.10", "image_url": "https://res.cloudinary.com/ddrsbzhmf/image/upload/v1611435829/timeless/rsz_digi-nixon_xlr5cq.jpg", "image": "rsz_digi-nixon.jpg"}}, {"model": "products.product", "pk": 18, "fields": {"category": 2, "sku": "pp5001120117", "name": "Prospex SBEP001", "description": "The Seiko Prospex SBEP001 is a new Fieldmaster watch designed by LOWERCASE. It has a Seiko Caliber S802 solar powered digital quartz movement that features a 5 month power reserve (when fully charged).", "price": "299.00", "case": "49.5 mm Ø", "strap": "Silicone", "brand": "Seiko", "has_warranty": false, "rating": "4.20", "image_url": "https://res.cloudinary.com/ddrsbzhmf/image/upload/v1611436400/timeless/rsz_digi-seiko_eawoub.jpg", "image": "rsz_digi-seiko.jpg"}}, {"model": "products.product", "pk": 19, "fields": {"category": 1, "sku": "pp5001110121", "name": "Seamaster Diver", "description": "'Dives' up to 300M \r\nCo-Axial Master Chronometer", "price": "850.00", "case": "42mm Ø", "strap": "Silicone", "brand": "Omega", "has_warranty": false, "rating": "4.30", "image_url": "https://res.cloudinary.com/ddrsbzhmf/image/upload/v1611437165/timeless/rsz_analog11_ujjpym.jpg", "image": "rsz_analog11.jpg"}}, {"model": "products.product", "pk": 20, "fields": {"category": 1, "sku": "pp5001110122", "name": "DS-8 Chrono Moon Phase", "description": "An elegant casual watch made by one of the most prestigious watch makers.", "price": "560.00", "case": "42mm Ø", "strap": "Leather", "brand": "Certina", "has_warranty": false, "rating": "4.10", "image_url": "https://res.cloudinary.com/ddrsbzhmf/image/upload/v1611437835/timeless/rsz_analog12_zuxwcp.jpg", "image": "rsz_analog12.jpg"}}, {"model": "products.product", "pk": 21, "fields": {"category": 3, "sku": "pp5001111111", "name": "Black Leather", "description": "Black Leather strap with quick change barrette compatible with all 42 mm cases.\r\nHandmade in Italy using premium materials.", "price": "130.00", "case": null, "strap": "Leather", "brand": "Anonimo", "has_warranty": false, "rating": "3.80", "image_url": "https://res.cloudinary.com/ddrsbzhmf/image/upload/v1611424354/timeless/strap2_cswryh.jpg", "image": "strap2.jpg"}}, {"model": "products.product", "pk": 22, "fields": {"category": 3, "sku": "pp5001111112", "name": "Black Leather", "description": "Black Leather strap with quick change barrette compatible with all 42-44 mm cases.\r\nHandmade in Italy using premium materials.", "price": "135.00", "case": null, "strap": "Leather", "brand": "Anonimo", "has_warranty": false, "rating": "3.90", "image_url": "https://res.cloudinary.com/ddrsbzhmf/image/upload/v1611424359/timeless/strap11_z3jdtt.jpg", "image": "strap11.jpg"}}, {"model": "products.product", "pk": 23, "fields": {"category": 3, "sku": "pp5001111113", "name": "Saddle Leather", "description": "Brown Leather strap with quick change barrette compatible with all 40 mm cases.\r\nHandmade in Italy using premium materials.", "price": "130.00", "case": null, "strap": "Leather", "brand": "Anonimo", "has_warranty": false, "rating": "3.90", "image_url": "https://res.cloudinary.com/ddrsbzhmf/image/upload/v1611424354/timeless/strap4_u85xxz.jpg", "image": "strap4.jpg"}}, {"model": "products.product", "pk": 24, "fields": {"category": 3, "sku": "pp5001111114", "name": "Racing Horween Leather", "description": "Skillfully crafted to evoke the nostalgia of 1960s & 1970s speed and motorsport, our Horween Racing Collection pairs perfectly with your watch. The distinguishing perforations, originally designed to create a breathable strap for racetrack drivers, now makes a signature statement on your wrist.", "price": "175.00", "case": null, "strap": "Leather", "brand": "Barton", "has_warranty": false, "rating": "4.30", "image_url": "https://res.cloudinary.com/ddrsbzhmf/image/upload/v1611424356/timeless/strap3_yc9asl.jpg", "image": "strap3.jpg"}}, {"model": "products.product", "pk": 25, "fields": {"category": 3, "sku": "pp5001111115", "name": "Crimson Red Stitching", "description": "Our Black Leather Quick Release watch bands install in less time than it takes to shake a martini. Crafted from hand-selected top grain leather, this truly is \"The Strap Your Watch Deserves.\"", "price": "145.00", "case": null, "strap": "Leather", "brand": "Barton", "has_warranty": false, "rating": "4.30", "image_url": "https://res.cloudinary.com/ddrsbzhmf/image/upload/v1611424354/timeless/strap6_wmmr6y.jpg", "image": "strap6.jpg"}}, {"model": "products.product", "pk": 26, "fields": {"category": 3, "sku": "pp5001111116", "name": "Navy Blue", "description": "Navy Blue leather strap with quick change barrette compatible with all 44-46 mm cases.\r\nHandmade in Italy using premium materials.", "price": "145.00", "case": null, "strap": "Leather", "brand": "Anonimo", "has_warranty": false, "rating": "4.30", "image_url": "https://res.cloudinary.com/ddrsbzhmf/image/upload/v1611424353/timeless/strap5_yykywf.jpg", "image": "strap5.jpg"}}, {"model": "products.product", "pk": 27, "fields": {"category": 3, "sku": "pp5001111117", "name": "Alligator Grain Leather", "description": "Our Alligator Grain Leather quick release watch bands feature a 2mm taper from watch head to buckle and are padded for style and comfort. Crafted from hand-selected top grain leather and embossed with premium alligator texture, these straps are sure to be the envy of your town (or at least your break room).", "price": "225.00", "case": null, "strap": "Leather", "brand": "Barton", "has_warranty": false, "rating": "4.50", "image_url": "https://res.cloudinary.com/ddrsbzhmf/image/upload/v1611424353/timeless/strap1_tdd0yn.jpg", "image": "strap1.jpg"}}, {"model": "products.product", "pk": 28, "fields": {"category": 3, "sku": "pp5001111118", "name": "Silicone Replacement Strap", "description": "Navy Blue Elite Silicone - Our Elite Silicone Quick Release navy watch straps feature a premium textured top, a 316L surgical grade brushed stainless steel buckle and a 2mm taper from watch head to buckle. Each navy blue silicone watch band also comes standard with two included lengths to assure they will be a perfect fit for nearly anyone.", "price": "105.00", "case": null, "strap": "Silicone", "brand": "Bulova", "has_warranty": false, "rating": "3.90", "image_url": "https://res.cloudinary.com/ddrsbzhmf/image/upload/v1611424356/timeless/strap10_c0d3kz.jpg", "image": "strap10.jpg"}}, {"model": "products.product", "pk": 29, "fields": {"category": 3, "sku": "pp5001111119", "name": "Stainless Steel 316L", "description": "Stainless Steel 316L Brushed Premium Solid Link Silver - Quick Release. \r\nReplacement Bracelet with Double-Lock deployment clasp for men compatible with Seiko, Citizen, Orient Fossil, Diver Watch", "price": "295.00", "case": null, "strap": "Stainless Steel", "brand": "Leesting", "has_warranty": false, "rating": "4.30", "image_url": "https://res.cloudinary.com/ddrsbzhmf/image/upload/v1611424357/timeless/strap9_ddgejm.jpg", "image": "strap9.jpg"}}, {"model": "products.product", "pk": 30, "fields": {"category": 3, "sku": "pp5001111120", "name": "Stainless Steel 320L", "description": "Stainless Steel 316L Brushed Premium Solid Link Black - Quick Release. \r\nReplacement Bracelet with Double-Lock deployment clasp for men compatible with Seiko, Citizen, Orient Fossil, Diver Watch", "price": "295.00", "case": null, "strap": "Stainless Steel", "brand": "Leesting", "has_warranty": false, "rating": "4.20", "image_url": "https://res.cloudinary.com/ddrsbzhmf/image/upload/v1611424355/timeless/strap7_r0dxwa.jpg", "image": "strap7.jpg"}}, {"model": "checkout.order", "pk": 1, "fields": {"order_number": "FE3FDA77CB6D4B23B643EE278D228F63", "user_profile": 2, "full_name": "test", "email": "test@test.com", "phone_number": "2131231212", "country": "BY", "postcode": "12345", "town_or_city": "sdadada", "street_address1": "sadasdasdsa", "street_address2": "asdasdasd", "county": "sdasdas", "date": "2021-01-26T13:21:01.917Z", "delivery_cost": "0.00", "order_total": "524.99", "grand_total": "524.99", "initial_cart": "{\"3\": 1, \"22\": 1}", "stripe_pid": "pi_1IDrSwJvd5qWfRIqrsP8p6xj"}}, {"model": "checkout.order", "pk": 2, "fields": {"order_number": "E2EE7167012B4AB98E919CFEA0955E28", "user_profile": 2, "full_name": "test confirmation email", "email": "test@test.com", "phone_number": "2131231212", "country": "BY", "postcode": "12345", "town_or_city": "sdadada", "street_address1": "sadasdasdsa", "street_address2": "asdasdasd", "county": "sdasdas", "date": "2021-01-26T13:54:12.327Z", "delivery_cost": "0.00", "order_total": "260.00", "grand_total": "260.00", "initial_cart": "{\"23\": 2}", "stripe_pid": "pi_1IDrzBJvd5qWfRIqFZNEn160"}}, {"model": "checkout.orderlineitem", "pk": 18, "fields": {"order": 1, "product": 3, "product_warranty": null, "quantity": 1, "lineitem_total": "389.99"}}, {"model": "checkout.orderlineitem", "pk": 19, "fields": {"order": 1, "product": 22, "product_warranty": null, "quantity": 1, "lineitem_total": "135.00"}}, {"model": "checkout.orderlineitem", "pk": 20, "fields": {"order": 2, "product": 23, "product_warranty": null, "quantity": 2, "lineitem_total": "260.00"}}]